"x","y","synthetic_region"
1,1,"matrix"
2,1,"matrix"
3,1,"matrix"
4,1,"matrix"
5,1,"matrix"
6,1,"matrix"
7,1,"matrix"
8,1,"matrix"
9,1,"matrix"
10,1,"matrix"
11,1,"matrix"
12,1,"matrix"
13,1,"matrix"
14,1,"matrix"
15,1,"matrix"
16,1,"matrix"
17,1,"matrix"
18,1,"matrix"
19,1,"matrix"
20,1,"matrix"
21,1,"matrix"
22,1,"matrix"
23,1,"matrix"
24,1,"matrix"
25,1,"matrix"
26,1,"matrix"
27,1,"matrix"
28,1,"matrix"
29,1,"matrix"
30,1,"matrix"
31,1,"matrix"
32,1,"matrix"
33,1,"matrix"
34,1,"matrix"
35,1,"matrix"
36,1,"matrix"
37,1,"matrix"
38,1,"matrix"
39,1,"matrix"
40,1,"matrix"
41,1,"matrix"
42,1,"matrix"
43,1,"matrix"
44,1,"matrix"
45,1,"matrix"
1,2,"matrix"
2,2,"matrix"
3,2,"matrix"
4,2,"matrix"
5,2,"matrix"
6,2,"matrix"
7,2,"matrix"
8,2,"matrix"
9,2,"matrix"
10,2,"matrix"
11,2,"matrix"
12,2,"matrix"
13,2,"matrix"
14,2,"region_a"
15,2,"matrix"
16,2,"matrix"
17,2,"matrix"
18,2,"matrix"
19,2,"matrix"
20,2,"matrix"
21,2,"matrix"
22,2,"matrix"
23,2,"matrix"
24,2,"matrix"
25,2,"matrix"
26,2,"matrix"
27,2,"matrix"
28,2,"matrix"
29,2,"matrix"
30,2,"region_b"
31,2,"region_b"
32,2,"region_b"
33,2,"region_b"
34,2,"region_b"
35,2,"region_b"
36,2,"region_b"
37,2,"matrix"
38,2,"matrix"
39,2,"matrix"
40,2,"matrix"
41,2,"matrix"
42,2,"matrix"
43,2,"matrix"
44,2,"matrix"
45,2,"matrix"
1,3,"matrix"
2,3,"matrix"
3,3,"matrix"
4,3,"matrix"
5,3,"matrix"
6,3,"matrix"
7,3,"matrix"
8,3,"matrix"
9,3,"matrix"
10,3,"matrix"
11,3,"region_a"
12,3,"region_a"
13,3,"region_a"
14,3,"region_a"
15,3,"region_a"
16,3,"region_a"
17,3,"region_a"
18,3,"matrix"
19,3,"matrix"
20,3,"matrix"
21,3,"matrix"
22,3,"matrix"
23,3,"matrix"
24,3,"matrix"
25,3,"matrix"
26,3,"matrix"
27,3,"matrix"
28,3,"region_b"
29,3,"region_b"
30,3,"region_b"
31,3,"region_b"
32,3,"region_b"
33,3,"region_b"
34,3,"region_b"
35,3,"region_b"
36,3,"region_b"
37,3,"region_b"
38,3,"region_b"
39,3,"matrix"
40,3,"matrix"
41,3,"matrix"
42,3,"matrix"
43,3,"matrix"
44,3,"matrix"
45,3,"matrix"
1,4,"matrix"
2,4,"matrix"
3,4,"matrix"
4,4,"matrix"
5,4,"matrix"
6,4,"matrix"
7,4,"matrix"
8,4,"matrix"
9,4,"region_a"
10,4,"region_a"
11,4,"region_a"
12,4,"region_a"
13,4,"region_a"
14,4,"region_a"
15,4,"region_a"
16,4,"region_a"
17,4,"region_a"
18,4,"region_a"
19,4,"region_a"
20,4,"matrix"
21,4,"matrix"
22,4,"matrix"
23,4,"matrix"
24,4,"matrix"
25,4,"matrix"
26,4,"matrix"
27,4,"region_b"
28,4,"region_b"
29,4,"region_b"
30,4,"region_b"
31,4,"region_b"
32,4,"region_b"
33,4,"region_b"
34,4,"region_b"
35,4,"region_b"
36,4,"region_b"
37,4,"region_b"
38,4,"region_b"
39,4,"region_b"
40,4,"matrix"
41,4,"matrix"
42,4,"matrix"
43,4,"matrix"
44,4,"matrix"
45,4,"matrix"
1,5,"matrix"
2,5,"matrix"
3,5,"matrix"
4,5,"matrix"
5,5,"matrix"
6,5,"matrix"
7,5,"matrix"
8,5,"region_a"
9,5,"region_a"
10,5,"region_a"
11,5,"region_a"
12,5,"region_a"
13,5,"region_a"
14,5,"region_a"
15,5,"region_a"
16,5,"region_a"
17,5,"region_a"
18,5,"region_a"
19,5,"region_a"
20,5,"region_a"
21,5,"matrix"
22,5,"matrix"
23,5,"matrix"
24,5,"matrix"
25,5,"matrix"
26,5,"region_b"
27,5,"region_b"
28,5,"region_b"
29,5,"region_b"
30,5,"region_b"
31,5,"region_b"
32,5,"region_b"
33,5,"region_b"
34,5,"region_b"
35,5,"region_b"
36,5,"region_b"
37,5,"region_b"
38,5,"region_b"
39,5,"region_b"
40,5,"region_b"
41,5,"matrix"
42,5,"matrix"
43,5,"matrix"
44,5,"matrix"
45,5,"matrix"
1,6,"matrix"
2,6,"matrix"
3,6,"matrix"
4,6,"matrix"
5,6,"matrix"
6,6,"matrix"
7,6,"region_a"
8,6,"region_a"
9,6,"region_a"
10,6,"region_a"
11,6,"region_a"
12,6,"region_a"
13,6,"region_a"
14,6,"region_a"
15,6,"region_a"
16,6,"region_a"
17,6,"region_a"
18,6,"region_a"
19,6,"region_a"
20,6,"region_a"
21,6,"region_a"
22,6,"matrix"
23,6,"matrix"
24,6,"matrix"
25,6,"region_b"
26,6,"region_b"
27,6,"region_b"
28,6,"region_b"
29,6,"region_b"
30,6,"region_b"
31,6,"region_b"
32,6,"region_b"
33,6,"region_b"
34,6,"region_b"
35,6,"region_b"
36,6,"region_b"
37,6,"region_b"
38,6,"region_b"
39,6,"region_b"
40,6,"region_b"
41,6,"region_b"
42,6,"matrix"
43,6,"matrix"
44,6,"matrix"
45,6,"matrix"
1,7,"matrix"
2,7,"matrix"
3,7,"matrix"
4,7,"matrix"
5,7,"matrix"
6,7,"region_a"
7,7,"region_a"
8,7,"region_a"
9,7,"region_a"
10,7,"region_a"
11,7,"region_a"
12,7,"region_a"
13,7,"region_a"
14,7,"region_a"
15,7,"region_a"
16,7,"region_a"
17,7,"region_a"
18,7,"region_a"
19,7,"region_a"
20,7,"region_a"
21,7,"region_a"
22,7,"region_a"
23,7,"matrix"
24,7,"matrix"
25,7,"region_b"
26,7,"region_b"
27,7,"region_b"
28,7,"region_b"
29,7,"region_b"
30,7,"region_b"
31,7,"region_b"
32,7,"region_b"
33,7,"region_b"
34,7,"region_b"
35,7,"region_b"
36,7,"region_b"
37,7,"region_b"
38,7,"region_b"
39,7,"region_b"
40,7,"region_b"
41,7,"region_b"
42,7,"matrix"
43,7,"matrix"
44,7,"matrix"
45,7,"matrix"
1,8,"matrix"
2,8,"matrix"
3,8,"matrix"
4,8,"matrix"
5,8,"matrix"
6,8,"region_a"
7,8,"region_a"
8,8,"region_a"
9,8,"region_a"
10,8,"region_a"
11,8,"region_a"
12,8,"region_a"
13,8,"region_a"
14,8,"region_a"
15,8,"region_a"
16,8,"region_a"
17,8,"region_a"
18,8,"region_a"
19,8,"region_a"
20,8,"region_a"
21,8,"region_a"
22,8,"region_a"
23,8,"matrix"
24,8,"region_b"
25,8,"region_b"
26,8,"region_b"
27,8,"region_b"
28,8,"region_b"
29,8,"region_b"
30,8,"region_b"
31,8,"region_b"
32,8,"region_b"
33,8,"region_b"
34,8,"region_b"
35,8,"region_b"
36,8,"region_b"
37,8,"region_b"
38,8,"region_b"
39,8,"region_b"
40,8,"region_b"
41,8,"region_b"
42,8,"region_b"
43,8,"matrix"
44,8,"matrix"
45,8,"matrix"
1,9,"matrix"
2,9,"matrix"
3,9,"matrix"
4,9,"matrix"
5,9,"region_a"
6,9,"region_a"
7,9,"region_a"
8,9,"region_a"
9,9,"region_a"
10,9,"region_a"
11,9,"region_a"
12,9,"region_a"
13,9,"region_a"
14,9,"region_a"
15,9,"region_a"
16,9,"region_a"
17,9,"region_a"
18,9,"region_a"
19,9,"region_a"
20,9,"region_a"
21,9,"region_a"
22,9,"region_a"
23,9,"region_a"
24,9,"region_b"
25,9,"region_b"
26,9,"region_b"
27,9,"region_b"
28,9,"region_b"
29,9,"region_b"
30,9,"region_b"
31,9,"region_b"
32,9,"region_b"
33,9,"region_b"
34,9,"region_b"
35,9,"region_b"
36,9,"region_b"
37,9,"region_b"
38,9,"region_b"
39,9,"region_b"
40,9,"region_b"
41,9,"region_b"
42,9,"region_b"
43,9,"matrix"
44,9,"matrix"
45,9,"matrix"
1,10,"matrix"
2,10,"matrix"
3,10,"matrix"
4,10,"matrix"
5,10,"region_a"
6,10,"region_a"
7,10,"region_a"
8,10,"region_a"
9,10,"region_a"
10,10,"region_a"
11,10,"region_a"
12,10,"region_a"
13,10,"region_a"
14,10,"region_a"
15,10,"region_a"
16,10,"region_a"
17,10,"region_a"
18,10,"region_a"
19,10,"region_a"
20,10,"region_a"
21,10,"region_a"
22,10,"region_a"
23,10,"region_a"
24,10,"region_b"
25,10,"region_b"
26,10,"region_b"
27,10,"region_b"
28,10,"region_b"
29,10,"region_b"
30,10,"region_b"
31,10,"region_b"
32,10,"region_b"
33,10,"region_b"
34,10,"region_b"
35,10,"region_b"
36,10,"region_b"
37,10,"region_b"
38,10,"region_b"
39,10,"region_b"
40,10,"region_b"
41,10,"region_b"
42,10,"region_b"
43,10,"matrix"
44,10,"matrix"
45,10,"matrix"
1,11,"matrix"
2,11,"matrix"
3,11,"matrix"
4,11,"matrix"
5,11,"region_a"
6,11,"region_a"
7,11,"region_a"
8,11,"region_a"
9,11,"region_a"
10,11,"region_a"
11,11,"region_a"
12,11,"region_a"
13,11,"region_a"
14,11,"region_a"
15,11,"region_a"
16,11,"region_a"
17,11,"region_a"
18,11,"region_a"
19,11,"region_a"
20,11,"region_a"
21,11,"region_a"
22,11,"region_a"
23,11,"region_a"
24,11,"region_b"
25,11,"region_b"
26,11,"region_b"
27,11,"region_b"
28,11,"region_b"
29,11,"region_b"
30,11,"region_b"
31,11,"region_b"
32,11,"region_b"
33,11,"region_b"
34,11,"region_b"
35,11,"region_b"
36,11,"region_b"
37,11,"region_b"
38,11,"region_b"
39,11,"region_b"
40,11,"region_b"
41,11,"region_b"
42,11,"region_b"
43,11,"matrix"
44,11,"matrix"
45,11,"matrix"
1,12,"matrix"
2,12,"matrix"
3,12,"matrix"
4,12,"matrix"
5,12,"region_a"
6,12,"region_a"
7,12,"region_a"
8,12,"region_a"
9,12,"region_a"
10,12,"region_a"
11,12,"region_a"
12,12,"region_a"
13,12,"region_a"
14,12,"region_a"
15,12,"region_a"
16,12,"region_a"
17,12,"region_a"
18,12,"region_a"
19,12,"region_a"
20,12,"region_a"
21,12,"region_a"
22,12,"region_a"
23,12,"region_a"
24,12,"region_b"
25,12,"region_b"
26,12,"region_b"
27,12,"region_b"
28,12,"region_b"
29,12,"region_b"
30,12,"region_b"
31,12,"region_b"
32,12,"region_b"
33,12,"region_b"
34,12,"region_b"
35,12,"region_b"
36,12,"region_b"
37,12,"region_b"
38,12,"region_b"
39,12,"region_b"
40,12,"region_b"
41,12,"region_b"
42,12,"region_b"
43,12,"region_b"
44,12,"matrix"
45,12,"matrix"
1,13,"matrix"
2,13,"matrix"
3,13,"matrix"
4,13,"region_a"
5,13,"region_a"
6,13,"region_a"
7,13,"region_a"
8,13,"region_a"
9,13,"region_a"
10,13,"region_a"
11,13,"region_a"
12,13,"region_a"
13,13,"region_a"
14,13,"region_a"
15,13,"region_a"
16,13,"region_a"
17,13,"region_a"
18,13,"region_a"
19,13,"region_a"
20,13,"region_a"
21,13,"region_a"
22,13,"region_a"
23,13,"region_a"
24,13,"region_b"
25,13,"region_b"
26,13,"region_b"
27,13,"region_b"
28,13,"region_b"
29,13,"region_b"
30,13,"region_b"
31,13,"region_b"
32,13,"region_b"
33,13,"region_b"
34,13,"region_b"
35,13,"region_b"
36,13,"region_b"
37,13,"region_b"
38,13,"region_b"
39,13,"region_b"
40,13,"region_b"
41,13,"region_b"
42,13,"region_b"
43,13,"region_b"
44,13,"matrix"
45,13,"matrix"
1,14,"matrix"
2,14,"matrix"
3,14,"matrix"
4,14,"region_a"
5,14,"region_a"
6,14,"region_a"
7,14,"region_a"
8,14,"region_a"
9,14,"region_a"
10,14,"region_a"
11,14,"region_a"
12,14,"region_a"
13,14,"region_a"
14,14,"region_a"
15,14,"region_a"
16,14,"region_a"
17,14,"region_a"
18,14,"region_a"
19,14,"region_a"
20,14,"region_a"
21,14,"region_a"
22,14,"region_a"
23,14,"region_a"
24,14,"region_b"
25,14,"region_b"
26,14,"region_b"
27,14,"region_b"
28,14,"region_b"
29,14,"region_b"
30,14,"region_b"
31,14,"region_b"
32,14,"region_b"
33,14,"region_b"
34,14,"region_b"
35,14,"region_b"
36,14,"region_b"
37,14,"region_b"
38,14,"region_b"
39,14,"region_b"
40,14,"region_b"
41,14,"region_b"
42,14,"region_b"
43,14,"region_b"
44,14,"matrix"
45,14,"matrix"
1,15,"matrix"
2,15,"matrix"
3,15,"matrix"
4,15,"region_a"
5,15,"region_a"
6,15,"region_a"
7,15,"region_a"
8,15,"region_a"
9,15,"region_a"
10,15,"region_a"
11,15,"region_a"
12,15,"region_a"
13,15,"region_a"
14,15,"region_a"
15,15,"region_a"
16,15,"region_a"
17,15,"region_a"
18,15,"region_a"
19,15,"region_a"
20,15,"region_a"
21,15,"region_a"
22,15,"region_a"
23,15,"region_a"
24,15,"region_b"
25,15,"region_b"
26,15,"region_b"
27,15,"region_b"
28,15,"region_b"
29,15,"region_b"
30,15,"region_b"
31,15,"region_b"
32,15,"region_b"
33,15,"region_b"
34,15,"region_b"
35,15,"region_b"
36,15,"region_b"
37,15,"region_b"
38,15,"region_b"
39,15,"region_b"
40,15,"region_b"
41,15,"region_b"
42,15,"region_b"
43,15,"matrix"
44,15,"matrix"
45,15,"matrix"
1,16,"matrix"
2,16,"matrix"
3,16,"matrix"
4,16,"region_a"
5,16,"region_a"
6,16,"region_a"
7,16,"region_a"
8,16,"region_a"
9,16,"region_a"
10,16,"region_a"
11,16,"region_a"
12,16,"region_a"
13,16,"region_a"
14,16,"region_a"
15,16,"region_a"
16,16,"region_a"
17,16,"region_a"
18,16,"region_a"
19,16,"region_a"
20,16,"region_a"
21,16,"region_a"
22,16,"region_a"
23,16,"region_a"
24,16,"region_b"
25,16,"region_b"
26,16,"region_b"
27,16,"region_b"
28,16,"region_b"
29,16,"region_b"
30,16,"region_b"
31,16,"region_b"
32,16,"region_b"
33,16,"region_b"
34,16,"region_b"
35,16,"region_b"
36,16,"region_b"
37,16,"region_b"
38,16,"region_b"
39,16,"region_b"
40,16,"region_b"
41,16,"region_b"
42,16,"region_b"
43,16,"matrix"
44,16,"matrix"
45,16,"matrix"
1,17,"matrix"
2,17,"matrix"
3,17,"matrix"
4,17,"region_a"
5,17,"region_a"
6,17,"region_a"
7,17,"region_a"
8,17,"region_a"
9,17,"region_a"
10,17,"region_a"
11,17,"region_a"
12,17,"region_a"
13,17,"region_a"
14,17,"region_a"
15,17,"region_a"
16,17,"region_a"
17,17,"region_a"
18,17,"region_a"
19,17,"region_a"
20,17,"region_a"
21,17,"region_a"
22,17,"region_a"
23,17,"region_a"
24,17,"region_b"
25,17,"region_b"
26,17,"region_b"
27,17,"region_b"
28,17,"region_b"
29,17,"region_b"
30,17,"region_b"
31,17,"region_b"
32,17,"region_b"
33,17,"region_b"
34,17,"region_b"
35,17,"region_b"
36,17,"region_b"
37,17,"region_b"
38,17,"region_b"
39,17,"region_b"
40,17,"region_b"
41,17,"region_b"
42,17,"region_b"
43,17,"matrix"
44,17,"matrix"
45,17,"matrix"
1,18,"matrix"
2,18,"matrix"
3,18,"matrix"
4,18,"matrix"
5,18,"region_a"
6,18,"region_a"
7,18,"region_a"
8,18,"region_a"
9,18,"region_a"
10,18,"region_a"
11,18,"region_a"
12,18,"region_a"
13,18,"region_a"
14,18,"region_a"
15,18,"region_a"
16,18,"region_a"
17,18,"region_a"
18,18,"region_a"
19,18,"region_a"
20,18,"region_a"
21,18,"region_a"
22,18,"region_a"
23,18,"region_a"
24,18,"region_b"
25,18,"region_b"
26,18,"region_b"
27,18,"region_b"
28,18,"region_b"
29,18,"region_b"
30,18,"region_b"
31,18,"region_b"
32,18,"region_b"
33,18,"region_b"
34,18,"region_b"
35,18,"region_b"
36,18,"region_b"
37,18,"region_b"
38,18,"region_b"
39,18,"region_b"
40,18,"region_b"
41,18,"region_b"
42,18,"region_b"
43,18,"matrix"
44,18,"matrix"
45,18,"matrix"
1,19,"matrix"
2,19,"matrix"
3,19,"matrix"
4,19,"matrix"
5,19,"region_a"
6,19,"region_a"
7,19,"region_a"
8,19,"region_a"
9,19,"region_a"
10,19,"region_a"
11,19,"region_a"
12,19,"region_a"
13,19,"region_a"
14,19,"region_a"
15,19,"region_a"
16,19,"region_a"
17,19,"region_a"
18,19,"region_a"
19,19,"region_a"
20,19,"region_a"
21,19,"region_a"
22,19,"region_a"
23,19,"region_a"
24,19,"matrix"
25,19,"region_b"
26,19,"region_b"
27,19,"region_b"
28,19,"region_b"
29,19,"region_b"
30,19,"region_b"
31,19,"region_b"
32,19,"region_b"
33,19,"region_b"
34,19,"region_b"
35,19,"region_b"
36,19,"region_b"
37,19,"region_b"
38,19,"region_b"
39,19,"region_b"
40,19,"region_b"
41,19,"region_b"
42,19,"matrix"
43,19,"matrix"
44,19,"matrix"
45,19,"matrix"
1,20,"matrix"
2,20,"matrix"
3,20,"matrix"
4,20,"matrix"
5,20,"region_a"
6,20,"region_a"
7,20,"region_a"
8,20,"region_a"
9,20,"region_a"
10,20,"region_a"
11,20,"region_a"
12,20,"region_a"
13,20,"region_a"
14,20,"region_a"
15,20,"region_a"
16,20,"region_a"
17,20,"region_a"
18,20,"region_a"
19,20,"region_a"
20,20,"region_a"
21,20,"region_a"
22,20,"region_a"
23,20,"region_a"
24,20,"matrix"
25,20,"region_b"
26,20,"region_b"
27,20,"region_b"
28,20,"region_b"
29,20,"region_b"
30,20,"region_b"
31,20,"region_b"
32,20,"region_b"
33,20,"region_b"
34,20,"region_b"
35,20,"region_b"
36,20,"region_b"
37,20,"region_b"
38,20,"region_b"
39,20,"region_b"
40,20,"region_b"
41,20,"region_b"
42,20,"matrix"
43,20,"matrix"
44,20,"matrix"
45,20,"matrix"
1,21,"matrix"
2,21,"matrix"
3,21,"matrix"
4,21,"matrix"
5,21,"region_a"
6,21,"region_a"
7,21,"region_a"
8,21,"region_a"
9,21,"region_a"
10,21,"region_a"
11,21,"region_a"
12,21,"region_a"
13,21,"region_a"
14,21,"region_a"
15,21,"region_a"
16,21,"region_a"
17,21,"region_a"
18,21,"region_a"
19,21,"region_a"
20,21,"region_a"
21,21,"region_a"
22,21,"region_a"
23,21,"region_a"
24,21,"matrix"
25,21,"matrix"
26,21,"region_b"
27,21,"region_b"
28,21,"region_b"
29,21,"region_b"
30,21,"region_b"
31,21,"region_b"
32,21,"region_b"
33,21,"region_b"
34,21,"region_b"
35,21,"region_b"
36,21,"region_b"
37,21,"region_b"
38,21,"region_b"
39,21,"region_b"
40,21,"region_b"
41,21,"matrix"
42,21,"matrix"
43,21,"matrix"
44,21,"matrix"
45,21,"matrix"
1,22,"matrix"
2,22,"matrix"
3,22,"matrix"
4,22,"matrix"
5,22,"matrix"
6,22,"region_a"
7,22,"region_a"
8,22,"region_a"
9,22,"region_a"
10,22,"region_a"
11,22,"region_a"
12,22,"region_a"
13,22,"region_a"
14,22,"region_a"
15,22,"region_a"
16,22,"region_a"
17,22,"region_a"
18,22,"region_a"
19,22,"region_a"
20,22,"region_a"
21,22,"region_a"
22,22,"region_c"
23,22,"region_c"
24,22,"region_c"
25,22,"region_c"
26,22,"region_c"
27,22,"region_c"
28,22,"region_b"
29,22,"region_b"
30,22,"region_b"
31,22,"region_b"
32,22,"region_b"
33,22,"region_b"
34,22,"region_b"
35,22,"region_b"
36,22,"region_b"
37,22,"region_b"
38,22,"region_b"
39,22,"region_b"
40,22,"matrix"
41,22,"matrix"
42,22,"matrix"
43,22,"matrix"
44,22,"matrix"
45,22,"matrix"
1,23,"matrix"
2,23,"matrix"
3,23,"matrix"
4,23,"matrix"
5,23,"matrix"
6,23,"region_a"
7,23,"region_a"
8,23,"region_a"
9,23,"region_a"
10,23,"region_a"
11,23,"region_a"
12,23,"region_a"
13,23,"region_a"
14,23,"region_a"
15,23,"region_a"
16,23,"region_a"
17,23,"region_a"
18,23,"region_a"
19,23,"region_c"
20,23,"region_c"
21,23,"region_c"
22,23,"region_c"
23,23,"region_c"
24,23,"region_c"
25,23,"region_c"
26,23,"region_c"
27,23,"region_c"
28,23,"region_c"
29,23,"region_c"
30,23,"region_c"
31,23,"region_c"
32,23,"region_c"
33,23,"region_c"
34,23,"region_c"
35,23,"region_c"
36,23,"region_c"
37,23,"region_c"
38,23,"region_b"
39,23,"matrix"
40,23,"matrix"
41,23,"matrix"
42,23,"matrix"
43,23,"matrix"
44,23,"matrix"
45,23,"matrix"
1,24,"matrix"
2,24,"matrix"
3,24,"matrix"
4,24,"matrix"
5,24,"matrix"
6,24,"matrix"
7,24,"region_a"
8,24,"region_a"
9,24,"region_a"
10,24,"region_a"
11,24,"region_a"
12,24,"region_c"
13,24,"region_c"
14,24,"region_c"
15,24,"region_c"
16,24,"region_c"
17,24,"region_c"
18,24,"region_c"
19,24,"region_c"
20,24,"region_c"
21,24,"region_c"
22,24,"region_c"
23,24,"region_c"
24,24,"region_c"
25,24,"region_c"
26,24,"region_c"
27,24,"region_c"
28,24,"region_c"
29,24,"region_c"
30,24,"region_c"
31,24,"region_c"
32,24,"region_c"
33,24,"region_c"
34,24,"region_c"
35,24,"region_c"
36,24,"region_c"
37,24,"region_c"
38,24,"region_c"
39,24,"matrix"
40,24,"matrix"
41,24,"matrix"
42,24,"matrix"
43,24,"matrix"
44,24,"matrix"
45,24,"matrix"
1,25,"matrix"
2,25,"matrix"
3,25,"matrix"
4,25,"matrix"
5,25,"matrix"
6,25,"matrix"
7,25,"matrix"
8,25,"region_c"
9,25,"region_c"
10,25,"region_c"
11,25,"region_c"
12,25,"region_c"
13,25,"region_c"
14,25,"region_c"
15,25,"region_c"
16,25,"region_c"
17,25,"region_c"
18,25,"region_c"
19,25,"region_c"
20,25,"region_c"
21,25,"region_c"
22,25,"region_c"
23,25,"region_c"
24,25,"region_c"
25,25,"region_c"
26,25,"region_c"
27,25,"region_c"
28,25,"region_c"
29,25,"region_c"
30,25,"region_c"
31,25,"region_c"
32,25,"region_c"
33,25,"region_c"
34,25,"region_c"
35,25,"region_c"
36,25,"region_c"
37,25,"region_c"
38,25,"region_c"
39,25,"region_c"
40,25,"matrix"
41,25,"matrix"
42,25,"matrix"
43,25,"matrix"
44,25,"matrix"
45,25,"matrix"
1,26,"matrix"
2,26,"matrix"
3,26,"matrix"
4,26,"matrix"
5,26,"matrix"
6,26,"matrix"
7,26,"matrix"
8,26,"region_c"
9,26,"region_c"
10,26,"region_c"
11,26,"region_c"
12,26,"region_c"
13,26,"region_c"
14,26,"region_c"
15,26,"region_c"
16,26,"region_c"
17,26,"region_c"
18,26,"region_c"
19,26,"region_c"
20,26,"region_c"
21,26,"region_c"
22,26,"region_c"
23,26,"region_c"
24,26,"region_c"
25,26,"region_c"
26,26,"region_c"
27,26,"region_c"
28,26,"region_c"
29,26,"region_c"
30,26,"region_c"
31,26,"region_c"
32,26,"region_c"
33,26,"region_c"
34,26,"region_c"
35,26,"region_c"
36,26,"region_c"
37,26,"region_c"
38,26,"region_c"
39,26,"region_c"
40,26,"matrix"
41,26,"matrix"
42,26,"matrix"
43,26,"matrix"
44,26,"matrix"
45,26,"matrix"
1,27,"matrix"
2,27,"matrix"
3,27,"matrix"
4,27,"matrix"
5,27,"matrix"
6,27,"matrix"
7,27,"region_c"
8,27,"region_c"
9,27,"region_c"
10,27,"region_c"
11,27,"region_c"
12,27,"region_c"
13,27,"region_c"
14,27,"region_c"
15,27,"region_c"
16,27,"region_c"
17,27,"region_c"
18,27,"region_c"
19,27,"region_c"
20,27,"region_c"
21,27,"region_c"
22,27,"region_c"
23,27,"region_c"
24,27,"region_c"
25,27,"region_c"
26,27,"region_c"
27,27,"region_c"
28,27,"region_c"
29,27,"region_c"
30,27,"region_c"
31,27,"region_c"
32,27,"region_c"
33,27,"region_c"
34,27,"region_c"
35,27,"region_c"
36,27,"region_c"
37,27,"region_c"
38,27,"region_c"
39,27,"region_c"
40,27,"region_c"
41,27,"matrix"
42,27,"matrix"
43,27,"matrix"
44,27,"matrix"
45,27,"matrix"
1,28,"matrix"
2,28,"matrix"
3,28,"matrix"
4,28,"matrix"
5,28,"matrix"
6,28,"matrix"
7,28,"region_c"
8,28,"region_c"
9,28,"region_c"
10,28,"region_c"
11,28,"region_c"
12,28,"region_c"
13,28,"region_c"
14,28,"region_c"
15,28,"region_c"
16,28,"region_c"
17,28,"region_c"
18,28,"region_c"
19,28,"region_c"
20,28,"region_c"
21,28,"region_c"
22,28,"region_c"
23,28,"region_c"
24,28,"region_c"
25,28,"region_c"
26,28,"region_c"
27,28,"region_c"
28,28,"region_c"
29,28,"region_c"
30,28,"region_c"
31,28,"region_c"
32,28,"region_c"
33,28,"region_c"
34,28,"region_c"
35,28,"region_c"
36,28,"region_c"
37,28,"region_c"
38,28,"region_c"
39,28,"region_c"
40,28,"region_c"
41,28,"matrix"
42,28,"matrix"
43,28,"matrix"
44,28,"matrix"
45,28,"matrix"
1,29,"matrix"
2,29,"matrix"
3,29,"matrix"
4,29,"matrix"
5,29,"matrix"
6,29,"matrix"
7,29,"region_c"
8,29,"region_c"
9,29,"region_c"
10,29,"region_c"
11,29,"region_c"
12,29,"region_c"
13,29,"region_c"
14,29,"region_c"
15,29,"region_c"
16,29,"region_c"
17,29,"region_c"
18,29,"region_c"
19,29,"region_c"
20,29,"region_c"
21,29,"region_c"
22,29,"region_c"
23,29,"region_c"
24,29,"region_c"
25,29,"region_c"
26,29,"region_c"
27,29,"region_c"
28,29,"region_c"
29,29,"region_c"
30,29,"region_c"
31,29,"region_c"
32,29,"region_c"
33,29,"region_c"
34,29,"region_c"
35,29,"region_c"
36,29,"region_c"
37,29,"region_c"
38,29,"region_c"
39,29,"region_c"
40,29,"region_c"
41,29,"matrix"
42,29,"matrix"
43,29,"matrix"
44,29,"matrix"
45,29,"matrix"
1,30,"matrix"
2,30,"matrix"
3,30,"matrix"
4,30,"matrix"
5,30,"matrix"
6,30,"matrix"
7,30,"matrix"
8,30,"region_c"
9,30,"region_c"
10,30,"region_c"
11,30,"region_c"
12,30,"region_c"
13,30,"region_c"
14,30,"region_c"
15,30,"region_c"
16,30,"region_c"
17,30,"region_c"
18,30,"region_c"
19,30,"region_c"
20,30,"region_c"
21,30,"region_c"
22,30,"region_c"
23,30,"region_c"
24,30,"region_c"
25,30,"region_c"
26,30,"region_c"
27,30,"region_c"
28,30,"region_c"
29,30,"region_c"
30,30,"region_c"
31,30,"region_c"
32,30,"region_c"
33,30,"region_c"
34,30,"region_c"
35,30,"region_c"
36,30,"region_c"
37,30,"region_c"
38,30,"region_c"
39,30,"region_c"
40,30,"matrix"
41,30,"matrix"
42,30,"matrix"
43,30,"matrix"
44,30,"matrix"
45,30,"matrix"
1,31,"matrix"
2,31,"matrix"
3,31,"matrix"
4,31,"matrix"
5,31,"matrix"
6,31,"matrix"
7,31,"matrix"
8,31,"region_c"
9,31,"region_c"
10,31,"region_c"
11,31,"region_c"
12,31,"region_c"
13,31,"region_c"
14,31,"region_c"
15,31,"region_c"
16,31,"region_c"
17,31,"region_c"
18,31,"region_c"
19,31,"region_c"
20,31,"region_c"
21,31,"region_c"
22,31,"region_c"
23,31,"region_c"
24,31,"region_c"
25,31,"region_c"
26,31,"region_c"
27,31,"region_c"
28,31,"region_c"
29,31,"region_c"
30,31,"region_c"
31,31,"region_c"
32,31,"region_c"
33,31,"region_c"
34,31,"region_c"
35,31,"region_c"
36,31,"region_c"
37,31,"region_c"
38,31,"region_c"
39,31,"region_c"
40,31,"matrix"
41,31,"matrix"
42,31,"matrix"
43,31,"matrix"
44,31,"matrix"
45,31,"matrix"
1,32,"matrix"
2,32,"matrix"
3,32,"matrix"
4,32,"matrix"
5,32,"matrix"
6,32,"matrix"
7,32,"matrix"
8,32,"matrix"
9,32,"region_c"
10,32,"region_c"
11,32,"region_c"
12,32,"region_c"
13,32,"region_c"
14,32,"region_c"
15,32,"region_c"
16,32,"region_c"
17,32,"region_c"
18,32,"region_c"
19,32,"region_c"
20,32,"region_c"
21,32,"region_c"
22,32,"region_c"
23,32,"region_c"
24,32,"region_c"
25,32,"region_c"
26,32,"region_c"
27,32,"region_c"
28,32,"region_c"
29,32,"region_c"
30,32,"region_c"
31,32,"region_c"
32,32,"region_c"
33,32,"region_c"
34,32,"region_c"
35,32,"region_c"
36,32,"region_c"
37,32,"region_c"
38,32,"region_c"
39,32,"matrix"
40,32,"matrix"
41,32,"matrix"
42,32,"matrix"
43,32,"matrix"
44,32,"matrix"
45,32,"matrix"
1,33,"matrix"
2,33,"matrix"
3,33,"matrix"
4,33,"matrix"
5,33,"matrix"
6,33,"matrix"
7,33,"matrix"
8,33,"matrix"
9,33,"matrix"
10,33,"region_c"
11,33,"region_c"
12,33,"region_c"
13,33,"region_c"
14,33,"region_c"
15,33,"region_c"
16,33,"region_c"
17,33,"region_c"
18,33,"region_c"
19,33,"region_c"
20,33,"region_c"
21,33,"region_c"
22,33,"region_c"
23,33,"region_c"
24,33,"region_c"
25,33,"region_c"
26,33,"region_c"
27,33,"region_c"
28,33,"region_c"
29,33,"region_c"
30,33,"region_c"
31,33,"region_c"
32,33,"region_c"
33,33,"region_c"
34,33,"region_c"
35,33,"region_c"
36,33,"region_c"
37,33,"region_c"
38,33,"matrix"
39,33,"matrix"
40,33,"matrix"
41,33,"matrix"
42,33,"matrix"
43,33,"matrix"
44,33,"matrix"
45,33,"matrix"
1,34,"matrix"
2,34,"matrix"
3,34,"matrix"
4,34,"matrix"
5,34,"matrix"
6,34,"matrix"
7,34,"matrix"
8,34,"matrix"
9,34,"matrix"
10,34,"matrix"
11,34,"matrix"
12,34,"region_c"
13,34,"region_c"
14,34,"region_c"
15,34,"region_c"
16,34,"region_c"
17,34,"region_c"
18,34,"region_c"
19,34,"region_c"
20,34,"region_c"
21,34,"region_c"
22,34,"region_c"
23,34,"region_c"
24,34,"region_c"
25,34,"region_c"
26,34,"region_c"
27,34,"region_c"
28,34,"region_c"
29,34,"region_c"
30,34,"region_c"
31,34,"region_c"
32,34,"region_c"
33,34,"region_c"
34,34,"region_c"
35,34,"region_c"
36,34,"matrix"
37,34,"matrix"
38,34,"matrix"
39,34,"matrix"
40,34,"matrix"
41,34,"matrix"
42,34,"matrix"
43,34,"matrix"
44,34,"matrix"
45,34,"matrix"
1,35,"matrix"
2,35,"matrix"
3,35,"matrix"
4,35,"matrix"
5,35,"matrix"
6,35,"matrix"
7,35,"matrix"
8,35,"matrix"
9,35,"matrix"
10,35,"matrix"
11,35,"matrix"
12,35,"matrix"
13,35,"matrix"
14,35,"matrix"
15,35,"matrix"
16,35,"matrix"
17,35,"matrix"
18,35,"matrix"
19,35,"matrix"
20,35,"matrix"
21,35,"matrix"
22,35,"matrix"
23,35,"matrix"
24,35,"matrix"
25,35,"matrix"
26,35,"matrix"
27,35,"matrix"
28,35,"matrix"
29,35,"matrix"
30,35,"matrix"
31,35,"matrix"
32,35,"matrix"
33,35,"matrix"
34,35,"matrix"
35,35,"matrix"
36,35,"matrix"
37,35,"matrix"
38,35,"matrix"
39,35,"matrix"
40,35,"matrix"
41,35,"matrix"
42,35,"matrix"
43,35,"matrix"
44,35,"matrix"
45,35,"matrix"
